ZipCode,CaseType,CourtName,Condition,Is_Default
90001,Limited,Norwalk Courthouse,,True
90002,Limited,Norwalk Courthouse,,True
90004,Limited,Chatsworth Courthouse,,True
90005,Limited,Norwalk Courthouse,,True
90006,Limited,Norwalk Courthouse,,True
90007,Limited,Norwalk Courthouse,,True
90008,Limited,Chatsworth Courthouse,,True
90009,Limited,Chatsworth Courthouse,,True
90010,Limited,Norwalk Courthouse,,True
90011,Limited,Norwalk Courthouse,,True
90012,Limited,Norwalk Courthouse,,True
90013,Limited,Norwalk Courthouse,,True
90014,Limited,Norwalk Courthouse,,True
90015,Limited,Norwalk Courthouse,,True
90016,Limited,Norwalk Courthouse,,True
90017,Limited,Norwalk Courthouse,,True
90018,Limited,Norwalk Courthouse,,True
90019,Limited,Chatsworth Courthouse,,True
90020,Limited,Chatsworth Courthouse,,True
90021,Limited,Norwalk Courthouse,,True
90022,Limited,Norwalk Courthouse,,True
90023,Limited,Norwalk Courthouse,,True
90024,Limited,Chatsworth Courthouse,,True
90025,Limited,Chatsworth Courthouse,,True
90026,Limited,Chatsworth Courthouse,,True
90027,Limited,Chatsworth Courthouse,,True
90028,Limited,Chatsworth Courthouse,,True
90029,Limited,Chatsworth Courthouse,,True
90030,Limited,Norwalk Courthouse,,True
90031,Limited,Norwalk Courthouse,,True
90032,Limited,Norwalk Courthouse,,True
90033,Limited,Norwalk Courthouse,,True
90036,Limited,Chatsworth Courthouse,,True
90037,Limited,Norwalk Courthouse,,True
90038,Limited,Chatsworth Courthouse,,True
90039,Limited,Chatsworth Courthouse,,True
90040,Limited,Norwalk Courthouse,,True
90041,Limited,Chatsworth Courthouse,,True
90042,Limited,Chatsworth Courthouse,,True
90043,Limited,Chatsworth Courthouse,,True
90045,Limited,Chatsworth Courthouse,,True
90046,Limited,Chatsworth Courthouse,,True
90047,Limited,Norwalk Courthouse,,True
90048,Limited,Chatsworth Courthouse,,True
90049,Limited,Chatsworth Courthouse,,True
90050,Limited,Norwalk Courthouse,,True
90051,Limited,Norwalk Courthouse,,True
90052,Limited,Norwalk Courthouse,,True
90053,Limited,Norwalk Courthouse,,True
90054,Limited,Norwalk Courthouse,,True
90055,Limited,Chatsworth Courthouse,,True
90057,Limited,Norwalk Courthouse,,True
90058,Limited,Norwalk Courthouse,,True
90059,Limited,Norwalk Courthouse,,True
90060,Limited,Norwalk Courthouse,,True
90062,Limited,Norwalk Courthouse,,True
90064,Limited,Chatsworth Courthouse,,True
90065,Limited,Chatsworth Courthouse,,True
90066,Limited,Chatsworth Courthouse,,True
90067,Limited,Chatsworth Courthouse,,True
90068,Limited,Chatsworth Courthouse,,True
90069,Limited,Chatsworth Courthouse,,True
90070,Limited,Chatsworth Courthouse,,True
90071,Limited,Norwalk Courthouse,,True
90072,Limited,Norwalk Courthouse,,True
90073,Limited,Chatsworth Courthouse,,True
90074,Limited,Norwalk Courthouse,,True
90075,Limited,Norwalk Courthouse,,True
90076,Limited,Norwalk Courthouse,,True
90077,Limited,Chatsworth Courthouse,,True
90078,Limited,Chatsworth Courthouse,,True
90079,Limited,Chatsworth Courthouse,,True
90080,Limited,Chatsworth Courthouse,,True
90081,Limited,Chatsworth Courthouse,,True
90082,Limited,Norwalk Courthouse,,True
90083,Limited,Chatsworth Courthouse,,True
90084,Limited,Chatsworth Courthouse,,True
90086,Limited,Norwalk Courthouse,,True
90087,Limited,Norwalk Courthouse,,True
90088,Limited,Norwalk Courthouse,,True
90089,Limited,Norwalk Courthouse,,True
90091,Limited,Norwalk Courthouse,,True
90093,Limited,Norwalk Courthouse,,True
90094,Limited,Chatsworth Courthouse,,True
90095,Limited,,,True
90096,Limited,Norwalk Courthouse,,True
90099,Limited,Norwalk Courthouse,,True
90101,Limited,Norwalk Courthouse,,True
90103,Limited,Norwalk Courthouse,,True
90189,Limited,Chatsworth Courthouse,,True
90201,Limited,Norwalk Courthouse,,True
90202,Limited,Norwalk Courthouse,,True
90209,Limited,Chatsworth Courthouse,,True
90210,Limited,Chatsworth Courthouse,,True
90211,Limited,Chatsworth Courthouse,,True
90212,Limited,Chatsworth Courthouse,,True
90213,Limited,Chatsworth Courthouse,,True
90220,Limited,Norwalk Courthouse,,True
90222,Limited,Norwalk Courthouse,,True
90223,Limited,Norwalk Courthouse,,True
90224,Limited,Norwalk Courthouse,,True
90230,Limited,Chatsworth Courthouse,,True
90231,Limited,Chatsworth Courthouse,,True
90232,Limited,Chatsworth Courthouse,,True
90233,Limited,Chatsworth Courthouse,,True
90239,Limited,Norwalk Courthouse,,True
90240,Limited,Norwalk Courthouse,,True
90241,Limited,Norwalk Courthouse,,True
90242,Limited,Norwalk Courthouse,,True
90245,Limited,Norwalk Courthouse,,True
90247,Limited,Norwalk Courthouse,,True
90248,Limited,Norwalk Courthouse,,True
90249,Limited,Norwalk Courthouse,,True
90250,Limited,,,True
90251,Limited,Norwalk Courthouse,,True
90254,Limited,,,True
90255,Limited,Norwalk Courthouse,,True
90260,Limited,Norwalk Courthouse,,True
90261,Limited,Norwalk Courthouse,,True
90262,Limited,Norwalk Courthouse,,True
90263,Limited,Chatsworth Courthouse,,True
90264,Limited,Chatsworth Courthouse,,True
90265,Limited,Chatsworth Courthouse,,True
90266,Limited,Norwalk Courthouse,,True
90267,Limited,Norwalk Courthouse,,True
90270,Limited,Norwalk Courthouse,,True
90272,Limited,Chatsworth Courthouse,,True
90274,Limited,Norwalk Courthouse,,True
90275,Limited,Norwalk Courthouse,,True
90277,Limited,Norwalk Courthouse,,True
90278,Limited,Norwalk Courthouse,,True
90280,Limited,Norwalk Courthouse,,True
90290,Limited,Chatsworth Courthouse,,True
90291,Limited,Chatsworth Courthouse,,True
90292,Limited,Chatsworth Courthouse,,True
90293,Limited,Chatsworth Courthouse,,True
90294,Limited,Chatsworth Courthouse,,True
90295,Limited,Chatsworth Courthouse,,True
90296,Limited,Chatsworth Courthouse,,True
90301,Limited,Norwalk Courthouse,,True
90302,Limited,Norwalk Courthouse,,True
90303,Limited,Norwalk Courthouse,,True
90304,Limited,Norwalk Courthouse,,True
90305,Limited,Norwalk Courthouse,,True
90306,Limited,Norwalk Courthouse,,True
90307,Limited,Norwalk Courthouse,,True
90308,Limited,Norwalk Courthouse,,True
90309,Limited,Norwalk Courthouse,,True
90311,Limited,Norwalk Courthouse,,True
90312,Limited,Norwalk Courthouse,,True
90401,Limited,Chatsworth Courthouse,,True
90402,Limited,Chatsworth Courthouse,,True
90403,Limited,Chatsworth Courthouse,,True
90404,Limited,Chatsworth Courthouse,,True
90405,Limited,Chatsworth Courthouse,,True
90406,Limited,Chatsworth Courthouse,,True
90407,Limited,Chatsworth Courthouse,,True
90408,Limited,Chatsworth Courthouse,,True
90409,Limited,Chatsworth Courthouse,,True
90410,Limited,Chatsworth Courthouse,,True
90411,Limited,Chatsworth Courthouse,,True
90501,Limited,Norwalk Courthouse,,True
90503,Limited,Norwalk Courthouse,,True
90504,Limited,Norwalk Courthouse,,True
90505,Limited,Norwalk Courthouse,,True
90506,Limited,Norwalk Courthouse,,True
90507,Limited,Norwalk Courthouse,,True
90508,Limited,Norwalk Courthouse,,True
90509,Limited,Norwalk Courthouse,,True
90510,Limited,Norwalk Courthouse,,True
90601,Limited,Norwalk Courthouse,,True
90602,Limited,Norwalk Courthouse,,True
90603,Limited,Norwalk Courthouse,,True
90604,Limited,Norwalk Courthouse,,True
90605,Limited,Norwalk Courthouse,,True
90606,Limited,Norwalk Courthouse,,True
90607,Limited,Norwalk Courthouse,,True
90608,Limited,Norwalk Courthouse,,True
90609,Limited,Norwalk Courthouse,,True
90610,Limited,Norwalk Courthouse,,True
90612,Limited,Norwalk Courthouse,,True
90631,Limited,Norwalk Courthouse,,True
90637,Limited,Norwalk Courthouse,,True
90638,Limited,Norwalk Courthouse,,True
90639,Limited,Norwalk Courthouse,,True
90640,Limited,Norwalk Courthouse,,True
90650,Limited,Norwalk Courthouse,,True
90651,Limited,Norwalk Courthouse,,True
90652,Limited,Norwalk Courthouse,,True
90660,Limited,Norwalk Courthouse,,True
90661,Limited,Norwalk Courthouse,,True
90662,Limited,Norwalk Courthouse,,True
90670,Limited,Norwalk Courthouse,,True
90671,Limited,Norwalk Courthouse,,True
90701,Limited,Norwalk Courthouse,,True
90702,Limited,Norwalk Courthouse,,True
90703,Limited,Norwalk Courthouse,,True
90704,Limited,Catalina Courthouse,,True
90706,Limited,Norwalk Courthouse,,True
90707,Limited,Norwalk Courthouse,,True
90710,Limited,Norwalk Courthouse,,True
90711,Limited,Norwalk Courthouse,,True
90712,Limited,Norwalk Courthouse,,True
90713,Limited,Norwalk Courthouse,,True
90714,Limited,Norwalk Courthouse,,True
90715,Limited,Norwalk Courthouse,,True
90716,Limited,Norwalk Courthouse,,True
90717,Limited,Norwalk Courthouse,,True
90723,Limited,Norwalk Courthouse,,True
90731,Limited,Norwalk Courthouse,,True
90732,Limited,Norwalk Courthouse,,True
90733,Limited,Norwalk Courthouse,,True
90734,Limited,Norwalk Courthouse,,True
90744,Limited,Norwalk Courthouse,,True
90745,Limited,Norwalk Courthouse,,True
90746,Limited,Norwalk Courthouse,,True
90747,Limited,Norwalk Courthouse,,True
90748,Limited,Norwalk Courthouse,,True
90749,Limited,Norwalk Courthouse,,True
90755,Limited,Norwalk Courthouse,,True
90801,Limited,Norwalk Courthouse,,True
90802,Limited,Norwalk Courthouse,,True
90803,Limited,Norwalk Courthouse,,True
90804,Limited,Norwalk Courthouse,,True
90805,Limited,Norwalk Courthouse,,True
90806,Limited,Norwalk Courthouse,,True
90807,Limited,Norwalk Courthouse,,True
90808,Limited,Norwalk Courthouse,,True
90809,Limited,Norwalk Courthouse,,True
90810,Limited,Norwalk Courthouse,,True
90813,Limited,Norwalk Courthouse,,True
90814,Limited,Norwalk Courthouse,,True
90815,Limited,Norwalk Courthouse,,True
90822,Limited,Norwalk Courthouse,,True
90831,Limited,Norwalk Courthouse,,True
90832,Limited,Norwalk Courthouse,,True
90833,Limited,Norwalk Courthouse,,True
90834,Limited,Norwalk Courthouse,,True
90835,Limited,Norwalk Courthouse,,True
90840,Limited,Norwalk Courthouse,,True
90842,Limited,Norwalk Courthouse,,True
90844,Limited,Norwalk Courthouse,,True
90846,Limited,Norwalk Courthouse,,True
90847,Limited,Norwalk Courthouse,,True
90848,Limited,Norwalk Courthouse,,True
90853,Limited,Norwalk Courthouse,,True
90899,Limited,Norwalk Courthouse,,True
91001,Limited,Chatsworth Courthouse,,True
91003,Limited,Chatsworth Courthouse,,True
91006,Limited,Chatsworth Courthouse,,True
91007,Limited,Chatsworth Courthouse,,True
91008,Limited,Chatsworth Courthouse,,True
91009,Limited,Chatsworth Courthouse,,True
91010,Limited,Chatsworth Courthouse,,True
91011,Limited,Chatsworth Courthouse,,True
91012,Limited,Chatsworth Courthouse,,True
91016,Limited,Chatsworth Courthouse,,True
91017,Limited,Chatsworth Courthouse,,True
91020,Limited,Chatsworth Courthouse,,True
91021,Limited,Chatsworth Courthouse,,True
91023,Limited,Chatsworth Courthouse,,True
91024,Limited,Chatsworth Courthouse,,True
91025,Limited,Chatsworth Courthouse,,True
91030,Limited,Chatsworth Courthouse,,True
91031,Limited,Chatsworth Courthouse,,True
91040,Limited,Chatsworth Courthouse,,True
91041,Limited,Chatsworth Courthouse,,True
91042,Limited,Chatsworth Courthouse,,True
91043,Limited,Chatsworth Courthouse,,True
91046,Limited,Chatsworth Courthouse,,True
91066,Limited,Chatsworth Courthouse,,True
91077,Limited,Chatsworth Courthouse,,True
91101,Limited,Chatsworth Courthouse,,True
91103,Limited,Chatsworth Courthouse,,True
91102,Limited,Chatsworth Courthouse,,True
91104,Limited,Chatsworth Courthouse,,True
91105,Limited,Chatsworth Courthouse,,True
91106,Limited,Chatsworth Courthouse,,True
91107,Limited,Chatsworth Courthouse,,True
91108,Limited,Chatsworth Courthouse,,True
91109,Limited,Chatsworth Courthouse,,True
91110,Limited,Chatsworth Courthouse,,True
91114,Limited,Chatsworth Courthouse,,True
91115,Limited,Chatsworth Courthouse,,True
91116,Limited,Chatsworth Courthouse,,True
91117,Limited,Chatsworth Courthouse,,True
91118,Limited,Chatsworth Courthouse,,True
91121,Limited,Chatsworth Courthouse,,True
91123,Limited,Chatsworth Courthouse,,True
91124,Limited,Chatsworth Courthouse,,True
91125,Limited,Chatsworth Courthouse,,True
91126,Limited,Chatsworth Courthouse,,True
91129,Limited,Chatsworth Courthouse,,True
91182,Limited,Chatsworth Courthouse,,True
91184,Limited,Chatsworth Courthouse,,True
91185,Limited,Chatsworth Courthouse,,True
91188,Limited,Chatsworth Courthouse,,True
91189,Limited,Chatsworth Courthouse,,True
91201,Limited,Chatsworth Courthouse,,True
91202,Limited,Chatsworth Courthouse,,True
91203,Limited,Chatsworth Courthouse,,True
91204,Limited,Chatsworth Courthouse,,True
91205,Limited,Chatsworth Courthouse,,True
91206,Limited,Chatsworth Courthouse,,True
91207,Limited,Chatsworth Courthouse,,True
91208,Limited,Chatsworth Courthouse,,True
91209,Limited,Chatsworth Courthouse,,True
91210,Limited,Chatsworth Courthouse,,True
91214,Limited,Chatsworth Courthouse,,True
91221,Limited,Chatsworth Courthouse,,True
91222,Limited,Chatsworth Courthouse,,True
91224,Limited,Chatsworth Courthouse,,True
91225,Limited,Chatsworth Courthouse,,True
91226,Limited,Chatsworth Courthouse,,True
91301,Limited,Chatsworth Courthouse,,True
91303,Limited,Chatsworth Courthouse,,True
91305,Limited,Chatsworth Courthouse,,True
91307,Limited,Chatsworth Courthouse,,True
91308,Limited,Chatsworth Courthouse,,True
91309,Limited,Chatsworth Courthouse,,True
91310,Limited,Chatsworth Courthouse,,True
91311,Limited,Chatsworth Courthouse,,True
91313,Limited,Chatsworth Courthouse,,True
91316,Limited,Chatsworth Courthouse,,True
91321,Limited,Chatsworth Courthouse,,True
91322,Limited,Chatsworth Courthouse,,True
91324,Limited,Chatsworth Courthouse,,True
91326,Limited,Chatsworth Courthouse,,True
91327,Limited,Chatsworth Courthouse,,True
91328,Limited,Chatsworth Courthouse,,True
91329,Limited,Chatsworth Courthouse,,True
91330,Limited,Chatsworth Courthouse,,True
91331,Limited,Chatsworth Courthouse,,True
91333,Limited,Chatsworth Courthouse,,True
91334,Limited,Chatsworth Courthouse,,True
91335,Limited,Chatsworth Courthouse,,True
91337,Limited,Chatsworth Courthouse,,True
91340,Limited,Chatsworth Courthouse,,True
91341,Limited,Chatsworth Courthouse,,True
91344,Limited,Chatsworth Courthouse,,True
91345,Limited,Chatsworth Courthouse,,True
91346,Limited,Chatsworth Courthouse,,True
91350,Limited,Chatsworth Courthouse,,True
91351,Limited,Chatsworth Courthouse,,True
91352,Limited,Chatsworth Courthouse,,True
91353,Limited,Chatsworth Courthouse,,True
91354,Limited,Chatsworth Courthouse,,True
91355,Limited,Chatsworth Courthouse,,True
91356,Limited,Chatsworth Courthouse,,True
91357,Limited,Chatsworth Courthouse,,True
91361,Limited,Chatsworth Courthouse,,True
91362,Limited,Chatsworth Courthouse,,True
91364,Limited,Chatsworth Courthouse,,True
91365,Limited,Chatsworth Courthouse,,True
91367,Limited,Chatsworth Courthouse,,True
91371,Limited,Chatsworth Courthouse,,True
91372,Limited,Chatsworth Courthouse,,True
91376,Limited,Chatsworth Courthouse,,True
91380,Limited,Chatsworth Courthouse,,True
91381,Limited,Chatsworth Courthouse,,True
91382,Limited,Chatsworth Courthouse,,True
91383,Limited,Chatsworth Courthouse,,True
91384,Limited,Chatsworth Courthouse,,True
91385,Limited,Chatsworth Courthouse,,True
91386,Limited,Chatsworth Courthouse,,True
91387,Limited,Chatsworth Courthouse,,True
91390,Limited,Chatsworth Courthouse,,True
91392,Limited,Chatsworth Courthouse,,True
91393,Limited,Chatsworth Courthouse,,True
91394,Limited,Chatsworth Courthouse,,True
91395,Limited,Chatsworth Courthouse,,True
91396,Limited,Chatsworth Courthouse,,True
91399,Limited,Chatsworth Courthouse,,True
91401,Limited,Chatsworth Courthouse,,True
91402,Limited,Chatsworth Courthouse,,True
91403,Limited,Chatsworth Courthouse,,True
91404,Limited,Chatsworth Courthouse,,True
91405,Limited,Chatsworth Courthouse,,True
91406,Limited,Chatsworth Courthouse,,True
91407,Limited,Chatsworth Courthouse,,True
91408,Limited,Chatsworth Courthouse,,True
91409,Limited,Chatsworth Courthouse,,True
91410,Limited,Chatsworth Courthouse,,True
91411,Limited,Chatsworth Courthouse,,True
91412,Limited,Chatsworth Courthouse,,True
91413,Limited,Chatsworth Courthouse,,True
91416,Limited,Chatsworth Courthouse,,True
91426,Limited,Chatsworth Courthouse,,True
91436,Limited,Chatsworth Courthouse,,True
91470,Limited,Chatsworth Courthouse,,True
91482,Limited,Chatsworth Courthouse,,True
91495,Limited,Chatsworth Courthouse,,True
91496,Limited,Chatsworth Courthouse,,True
91499,Limited,Chatsworth Courthouse,,True
91501,Limited,Chatsworth Courthouse,,True
91502,Limited,Chatsworth Courthouse,,True
91503,Limited,Chatsworth Courthouse,,True
91504,Limited,Chatsworth Courthouse,,True
91505,Limited,Chatsworth Courthouse,,True
91506,Limited,Chatsworth Courthouse,,True
91507,Limited,Chatsworth Courthouse,,True
91508,Limited,Chatsworth Courthouse,,True
91510,Limited,Chatsworth Courthouse,,True
91521,Limited,Chatsworth Courthouse,,True
91522,Limited,Chatsworth Courthouse,,True
91523,Limited,Chatsworth Courthouse,,True
91526,Limited,Chatsworth Courthouse,,True
91601,Limited,Chatsworth Courthouse,,True
91602,Limited,Chatsworth Courthouse,,True
91603,Limited,Chatsworth Courthouse,,True
91604,Limited,Chatsworth Courthouse,,True
91605,Limited,Chatsworth Courthouse,,True
91606,Limited,Chatsworth Courthouse,,True
91607,Limited,Chatsworth Courthouse,,True
91608,Limited,Chatsworth Courthouse,,True
91609,Limited,Chatsworth Courthouse,,True
91610,Limited,Chatsworth Courthouse,,True
91611,Limited,Chatsworth Courthouse,,True
91612,Limited,Chatsworth Courthouse,,True
91614,Limited,Chatsworth Courthouse,,True
91615,Limited,Chatsworth Courthouse,,True
91616,Limited,Chatsworth Courthouse,,True
91617,Limited,Chatsworth Courthouse,,True
91618,Limited,Chatsworth Courthouse,,True
91702,Limited,Norwalk Courthouse,,True
91706,Limited,Norwalk Courthouse,,True
91711,Limited,Norwalk Courthouse,,True
91714,Limited,Norwalk Courthouse,,True
91715,Limited,Norwalk Courthouse,,True
91716,Limited,Norwalk Courthouse,,True
91722,Limited,Norwalk Courthouse,,True
91723,Limited,Norwalk Courthouse,,True
91724,Limited,Norwalk Courthouse,,True
91731,Limited,Norwalk Courthouse,,True
91732,Limited,Norwalk Courthouse,,True
91733,Limited,Norwalk Courthouse,,True
91734,Limited,Norwalk Courthouse,,True
91735,Limited,Norwalk Courthouse,,True
91740,Limited,Norwalk Courthouse,,True
91741,Limited,Norwalk Courthouse,,True
91744,Limited,Norwalk Courthouse,,True
91745,Limited,Norwalk Courthouse,,True
91746,Limited,Norwalk Courthouse,,True
91747,Limited,Norwalk Courthouse,,True
91748,Limited,Norwalk Courthouse,,True
91749,Limited,Norwalk Courthouse,,True
91750,Limited,Norwalk Courthouse,,True
91754,Limited,,,True
91755,Limited,Chatsworth Courthouse,,True
91756,Limited,Chatsworth Courthouse,,True
91759,Limited,Norwalk Courthouse,,True
91765,Limited,Norwalk Courthouse,,True
91766,Limited,Norwalk Courthouse,,True
91767,Limited,Norwalk Courthouse,,True
91768,Limited,Norwalk Courthouse,,True
91769,Limited,Norwalk Courthouse,,True
91771,Limited,Chatsworth Courthouse,,True
91772,Limited,Chatsworth Courthouse,,True
91773,Limited,Norwalk Courthouse,,True
91775,Limited,Chatsworth Courthouse,,True
91776,Limited,Chatsworth Courthouse,,True
91780,Limited,Chatsworth Courthouse,,True
91788,Limited,Norwalk Courthouse,,True
91789,Limited,Norwalk Courthouse,,True
91790,Limited,Norwalk Courthouse,,True
91791,Limited,Norwalk Courthouse,,True
91792,Limited,Norwalk Courthouse,,True
91793,Limited,Norwalk Courthouse,,True
91801,Limited,Chatsworth Courthouse,,True
91802,Limited,Chatsworth Courthouse,,True
91803,Limited,Chatsworth Courthouse,,True
91804,Limited,Chatsworth Courthouse,,True
91896,Limited,Chatsworth Courthouse,,True
91899,Limited,Chatsworth Courthouse,,True
92397,Limited,Chatsworth Courthouse,,True
92823,Limited,Norwalk Courthouse,,True
93243,Limited,Chatsworth Courthouse,,True
93523,Limited,Chatsworth Courthouse,,True
93532,Limited,Chatsworth Courthouse,,True
93534,Limited,Chatsworth Courthouse,,True
93535,Limited,Chatsworth Courthouse,,True
93536,Limited,Chatsworth Courthouse,,True
93539,Limited,Chatsworth Courthouse,,True
93543,Limited,Chatsworth Courthouse,,True
93544,Limited,Chatsworth Courthouse,,True
93550,Limited,Chatsworth Courthouse,,True
93551,Limited,Chatsworth Courthouse,,True
93552,Limited,Chatsworth Courthouse,,True
93553,Limited,Chatsworth Courthouse,,True
93563,Limited,Chatsworth Courthouse,,True
93584,Limited,Chatsworth Courthouse,,True
93586,Limited,Chatsworth Courthouse,,True
93590,Limited,Chatsworth Courthouse,,True
93591,Limited,Chatsworth Courthouse,,True
93599,Limited,Chatsworth Courthouse,,True
90003,Limited,Norwalk Courthouse,LOS ANGELES (North of Manchester),True
90003,Limited,Norwalk Courthouse,LOS ANGELES (South of Manchester),True
90034,Limited,Chatsworth Courthouse,LOS ANGELES (East of La Cienega),True
90034,Limited,Chatsworth Courthouse,LOS ANGELES (West of La Cienega),True
90034,Limited,Chatsworth Courthouse,PALMS,True
90035,Limited,Chatsworth Courthouse,LOS ANGELES (East of La Cienega),True
90035,Limited,Chatsworth Courthouse,LOS ANGELES (West of La Cienega),True
90044,Limited,Norwalk Courthouse,ATHENS(and adjacent unincorporated area),True
90044,Limited,Norwalk Courthouse,LOS ANGELES (North of Manchester),True
90044,Limited,Norwalk Courthouse,LOS ANGELES (South of Manchester),True
90056,Limited,Chatsworth Courthouse,BALDWIN HILLS,True
90056,Limited,Norwalk Courthouse,LADERA HEIGHTS,True
90056,Limited,Norwalk Courthouse,LOS ANGELES (East of La Tijera),True
90056,Limited,Norwalk Courthouse,LOS ANGELES (west of La Tijera),True
90056,Limited,Norwalk Courthouse,WINDSOR HILLS,True
90061,Limited,Norwalk Courthouse,LOS ANGELES,True
90061,Limited,Norwalk Courthouse,UNINCORPORATED AREA WEST OF COMPTON,True
90063,Limited,Norwalk Courthouse,BOYLE HEIGHTS,True
90063,Limited,Norwalk Courthouse,CITY TERRACE,True
90063,Limited,Norwalk Courthouse,EAST LOS ANGELES,True
90063,Limited,Norwalk Courthouse,LOS ANGELES,True
90063,Limited,Chatsworth Courthouse,MONTEREY PARK,True
90221,Limited,Norwalk Courthouse,COMPTON,True
90221,Limited,Norwalk Courthouse,EAST RANCHO DOMINGUEZ,True
90221,Limited,Norwalk Courthouse,RANCHO DOMINGUEZ,True
90221,Limited,Norwalk Courthouse,UNINCORPORATED AREA EAST OF COMPTON,True
90502,Limited,Norwalk Courthouse,LOS ANGELES,True
90502,Limited,Norwalk Courthouse,UNINCORPORATED AREA WEST OF CARSON,True
90502,Limited,Norwalk Courthouse,UNINCORPORATED LA COUNTY AREA,True
91302,Limited,Chatsworth Courthouse,BRENTS JUNCTION,True
91302,Limited,Chatsworth Courthouse,CALABASAS (North of MULHOLLAND HIGHWAY),True
91302,Limited,Chatsworth Courthouse,CALABASAS PARK,True
91302,Limited,Chatsworth Courthouse,HIDDEN HILLS,True
91302,Limited,Chatsworth Courthouse,LOS ANGELES,True
91302,Limited,Chatsworth Courthouse,CALABASAS (South of MULHOLLAND HIGHWAY),True
91304,Limited,Chatsworth Courthouse,CANOGA PARK (North of Roscoe),True
91304,Limited,Chatsworth Courthouse,CANOGA PARK (South of Roscoe),True
91304,Limited,Chatsworth Courthouse,LAKESIDE PARK,True
91304,Limited,Chatsworth Courthouse,LOS ANGELES (North of Roscoe),True
91304,Limited,Chatsworth Courthouse,LOS ANGELES (South of Roscoe),True
91304,Limited,Chatsworth Courthouse,WEST HILLS (North of Roscoe),True
91304,Limited,Chatsworth Courthouse,WEST HILLS (South of Roscoe),True
91306,Limited,Chatsworth Courthouse,LOS ANGELES (North of Roscoe),True
91306,Limited,Chatsworth Courthouse,LOS ANGELES (South of Roscoe),True
91306,Limited,Chatsworth Courthouse,WINNETKA,True
91325,Limited,Chatsworth Courthouse,LOS ANGELES (North of Roscoe),True
91325,Limited,Chatsworth Courthouse,LOS ANGELES (South of Roscoe),True
91325,Limited,Chatsworth Courthouse,NORTHRIDGE (North of Roscoe),True
91325,Limited,Chatsworth Courthouse,NORTHRIDGE (South of Roscoe),True
91342,Limited,Chatsworth Courthouse,ANGELES NATIONAL FOREST,True
91342,Limited,Chatsworth Courthouse,KAGEL CANYON,True
91342,Limited,Chatsworth Courthouse,LAKE VIEW TERRACE (East of Osborne),True
91342,Limited,Chatsworth Courthouse,LAKE VIEW TERRACE (West of Osborne),True
91342,Limited,Chatsworth Courthouse,OLIVE VIEW,True
91342,Limited,Chatsworth Courthouse,SAN FERNANDO,True
91342,Limited,Chatsworth Courthouse,SYLMAR,True
91342,Limited,Chatsworth Courthouse,SYLMAR SQUARE,True
91343,Limited,Chatsworth Courthouse,LOS ANGELES (North of Lassen),True
91343,Limited,Chatsworth Courthouse,LOS ANGELES (South of Lassen),True
91343,Limited,Chatsworth Courthouse,NORTH HILLS (North of Lassen),True
91343,Limited,Chatsworth Courthouse,NORTH HILLS (South of Lassen),True
91343,Limited,Chatsworth Courthouse,NORTHRIDGE,True
91423,Limited,Chatsworth Courthouse,LOS ANGELES(East of Fulton and Dixie Canyon Aves.),True
91423,Limited,Chatsworth Courthouse,SHERMAN OAKS(East of Fulton and Dixie Cnyn Aves.),True
91423,Limited,Chatsworth Courthouse,LOS ANGELES(West of Fulton and Dixie Canyon Aves.),True
91423,Limited,Chatsworth Courthouse,SHERMAN OAKS(West of Fulton and Dixie Cnyn Aves.),True
91770,Limited,Norwalk Courthouse,EL MONTE,True
91770,Limited,Norwalk Courthouse,ROSEMEAD,True
91770,Limited,Chatsworth Courthouse,SOUTH SAN GABRIEL,True
93510,Limited,Chatsworth Courthouse,ACTON (North of 9th St. / TRAIL's END Rd.),True
93510,Limited,Chatsworth Courthouse,ACTON (South of 9th St. / TRAIL's END Rd.),True
93510,Limited,Chatsworth Courthouse,BIG MOUNTAIN RIDGE,True
93510,Limited,Chatsworth Courthouse,RAVENNA,True
90001,Unlimited,Norwalk Courthouse,,True
90001,Unlimited,Stanley Mosk Courthouse,,True
90002,Unlimited,Compton Courthouse,,True
90002,Unlimited,Norwalk Courthouse,,True
90004,Unlimited,Stanley Mosk Courthouse,,True
90005,Unlimited,Stanley Mosk Courthouse,,True
90006,Unlimited,Stanley Mosk Courthouse,,True
90007,Unlimited,Stanley Mosk Courthouse,,True
90008,Unlimited,Santa Monica Courthouse,,True
90008,Unlimited,Stanley Mosk Courthouse,,True
90009,Unlimited,Stanley Mosk Courthouse,,True
90010,Unlimited,Stanley Mosk Courthouse,,True
90011,Unlimited,Stanley Mosk Courthouse,,True
90012,Unlimited,Stanley Mosk Courthouse,,True
90013,Unlimited,Stanley Mosk Courthouse,,True
90014,Unlimited,Stanley Mosk Courthouse,,True
90015,Unlimited,Stanley Mosk Courthouse,,True
90016,Unlimited,Stanley Mosk Courthouse,,True
90017,Unlimited,Stanley Mosk Courthouse,,True
90018,Unlimited,Stanley Mosk Courthouse,,True
90019,Unlimited,Stanley Mosk Courthouse,,True
90020,Unlimited,Stanley Mosk Courthouse,,True
90021,Unlimited,Stanley Mosk Courthouse,,True
90022,Unlimited,Stanley Mosk Courthouse,,True
90023,Unlimited,Norwalk Courthouse,,True
90023,Unlimited,Stanley Mosk Courthouse,,True
90024,Unlimited,Santa Monica Courthouse,,True
90025,Unlimited,Santa Monica Courthouse,,True
90026,Unlimited,Stanley Mosk Courthouse,,True
90027,Unlimited,Stanley Mosk Courthouse,,True
90028,Unlimited,Stanley Mosk Courthouse,,True
90029,Unlimited,Stanley Mosk Courthouse,,True
90030,Unlimited,Stanley Mosk Courthouse,,True
90031,Unlimited,Stanley Mosk Courthouse,,True
90032,Unlimited,Stanley Mosk Courthouse,,True
90033,Unlimited,Stanley Mosk Courthouse,,True
90036,Unlimited,Stanley Mosk Courthouse,,True
90037,Unlimited,Stanley Mosk Courthouse,,True
90038,Unlimited,Santa Monica Courthouse,,True
90038,Unlimited,Stanley Mosk Courthouse,,True
90039,Unlimited,Stanley Mosk Courthouse,,True
90040,Unlimited,Norwalk Courthouse,,True
90040,Unlimited,Stanley Mosk Courthouse,,True
90041,Unlimited,Stanley Mosk Courthouse,,True
90042,Unlimited,Stanley Mosk Courthouse,,True
90043,Unlimited,Santa Monica Courthouse,,True
90043,Unlimited,Stanley Mosk Courthouse,,True
90045,Unlimited,Torrance Courthouse,,True
90046,Unlimited,Santa Monica Courthouse,,True
90046,Unlimited,Stanley Mosk Courthouse,,True
90047,Unlimited,Stanley Mosk Courthouse,,True
90047,Unlimited,Torrance Courthouse,,True
90048,Unlimited,Santa Monica Courthouse,,True
90048,Unlimited,Stanley Mosk Courthouse,,True
90049,Unlimited,Santa Monica Courthouse,,True
90050,Unlimited,Stanley Mosk Courthouse,,True
90051,Unlimited,Stanley Mosk Courthouse,,True
90052,Unlimited,Norwalk Courthouse,,True
90053,Unlimited,Stanley Mosk Courthouse,,True
90054,Unlimited,Stanley Mosk Courthouse,,True
90055,Unlimited,Stanley Mosk Courthouse,,True
90057,Unlimited,Stanley Mosk Courthouse,,True
90058,Unlimited,Norwalk Courthouse,,True
90058,Unlimited,Stanley Mosk Courthouse,,True
90059,Unlimited,Compton Courthouse,,True
90060,Unlimited,Stanley Mosk Courthouse,,True
90062,Unlimited,Stanley Mosk Courthouse,,True
90064,Unlimited,Santa Monica Courthouse,,True
90065,Unlimited,Stanley Mosk Courthouse,,True
90066,Unlimited,Santa Monica Courthouse,,True
90067,Unlimited,Santa Monica Courthouse,,True
90068,Unlimited,Stanley Mosk Courthouse,,True
90069,Unlimited,Santa Monica Courthouse,,True
90069,Unlimited,Stanley Mosk Courthouse,,True
90070,Unlimited,Stanley Mosk Courthouse,,True
90071,Unlimited,Stanley Mosk Courthouse,,True
90072,Unlimited,Stanley Mosk Courthouse,,True
90073,Unlimited,Santa Monica Courthouse,,True
90074,Unlimited,Stanley Mosk Courthouse,,True
90075,Unlimited,Stanley Mosk Courthouse,,True
90076,Unlimited,Stanley Mosk Courthouse,,True
90077,Unlimited,Santa Monica Courthouse,,True
90078,Unlimited,Stanley Mosk Courthouse,,True
90079,Unlimited,Stanley Mosk Courthouse,,True
90080,Unlimited,Torrance Courthouse,,True
90081,Unlimited,Torrance Courthouse,,True
90082,Unlimited,Stanley Mosk Courthouse,,True
90083,Unlimited,Torrance Courthouse,,True
90084,Unlimited,Stanley Mosk Courthouse,,True
90086,Unlimited,Stanley Mosk Courthouse,,True
90087,Unlimited,Stanley Mosk Courthouse,,True
90088,Unlimited,Stanley Mosk Courthouse,,True
90089,Unlimited,Stanley Mosk Courthouse,,True
90091,Unlimited,Stanley Mosk Courthouse,,True
90093,Unlimited,Stanley Mosk Courthouse,,True
90094,Unlimited,Santa Monica Courthouse,,True
90095,Unlimited,Santa Monica Courthouse,,True
90096,Unlimited,Norwalk Courthouse,,True
90099,Unlimited,Stanley Mosk Courthouse,,True
90101,Unlimited,Norwalk Courthouse,,True
90103,Unlimited,Norwalk Courthouse,,True
90189,Unlimited,Stanley Mosk Courthouse,,True
90201,Unlimited,Norwalk Courthouse,,True
90202,Unlimited,Norwalk Courthouse,,True
90209,Unlimited,Santa Monica Courthouse,,True
90210,Unlimited,Santa Monica Courthouse,,True
90211,Unlimited,Santa Monica Courthouse,,True
90212,Unlimited,Santa Monica Courthouse,,True
90213,Unlimited,Santa Monica Courthouse,,True
90220,Unlimited,Compton Courthouse,,True
90222,Unlimited,Compton Courthouse,,True
90223,Unlimited,Compton Courthouse,,True
90224,Unlimited,Compton Courthouse,,True
90230,Unlimited,Santa Monica Courthouse,,True
90231,Unlimited,Santa Monica Courthouse,,True
90232,Unlimited,Santa Monica Courthouse,,True
90233,Unlimited,Santa Monica Courthouse,,True
90239,Unlimited,Norwalk Courthouse,,True
90240,Unlimited,Norwalk Courthouse,,True
90241,Unlimited,Norwalk Courthouse,,True
90242,Unlimited,Norwalk Courthouse,,True
90245,Unlimited,Santa Monica Courthouse,,True
90245,Unlimited,Torrance Courthouse,,True
90247,Unlimited,Compton Courthouse,,True
90247,Unlimited,Torrance Courthouse,,True
90248,Unlimited,Compton Courthouse,,True
90248,Unlimited,Torrance Courthouse,,True
90249,Unlimited,Torrance Courthouse,,True
90250,Unlimited,Torrance Courthouse,,True
90251,Unlimited,Torrance Courthouse,,True
90254,Unlimited,Torrance Courthouse,,True
90255,Unlimited,Norwalk Courthouse,,True
90260,Unlimited,Torrance Courthouse,,True
90261,Unlimited,Torrance Courthouse,,True
90262,Unlimited,Compton Courthouse,,True
90263,Unlimited,Santa Monica Courthouse,,True
90264,Unlimited,Santa Monica Courthouse,,True
90265,Unlimited,Santa Monica Courthouse,,True
90266,Unlimited,Torrance Courthouse,,True
90267,Unlimited,Torrance Courthouse,,True
90270,Unlimited,Norwalk Courthouse,,True
90272,Unlimited,Santa Monica Courthouse,,True
90274,Unlimited,Torrance Courthouse,,True
90275,Unlimited,Torrance Courthouse,,True
90277,Unlimited,Torrance Courthouse,,True
90278,Unlimited,Torrance Courthouse,,True
90280,Unlimited,Norwalk Courthouse,,True
90290,Unlimited,Santa Monica Courthouse,,True
90291,Unlimited,Santa Monica Courthouse,,True
90292,Unlimited,Santa Monica Courthouse,,True
90293,Unlimited,Santa Monica Courthouse,,True
90293,Unlimited,Torrance Courthouse,,True
90294,Unlimited,Santa Monica Courthouse,,True
90295,Unlimited,Santa Monica Courthouse,,True
90296,Unlimited,Torrance Courthouse,,True
90301,Unlimited,Torrance Courthouse,,True
90302,Unlimited,Torrance Courthouse,,True
90303,Unlimited,Torrance Courthouse,,True
90304,Unlimited,Torrance Courthouse,,True
90305,Unlimited,Torrance Courthouse,,True
90306,Unlimited,Torrance Courthouse,,True
90307,Unlimited,Torrance Courthouse,,True
90308,Unlimited,Torrance Courthouse,,True
90309,Unlimited,Torrance Courthouse,,True
90311,Unlimited,Torrance Courthouse,,True
90312,Unlimited,Torrance Courthouse,,True
90401,Unlimited,Santa Monica Courthouse,,True
90402,Unlimited,Santa Monica Courthouse,,True
90403,Unlimited,Santa Monica Courthouse,,True
90404,Unlimited,Santa Monica Courthouse,,True
90405,Unlimited,Santa Monica Courthouse,,True
90406,Unlimited,Santa Monica Courthouse,,True
90407,Unlimited,Santa Monica Courthouse,,True
90408,Unlimited,Santa Monica Courthouse,,True
90409,Unlimited,Santa Monica Courthouse,,True
90410,Unlimited,Santa Monica Courthouse,,True
90411,Unlimited,Santa Monica Courthouse,,True
90501,Unlimited,Governor George Deukmejian Courthouse,,True
90501,Unlimited,Torrance Courthouse,,True
90503,Unlimited,Torrance Courthouse,,True
90504,Unlimited,Torrance Courthouse,,True
90505,Unlimited,Torrance Courthouse,,True
90506,Unlimited,Torrance Courthouse,,True
90507,Unlimited,Torrance Courthouse,,True
90508,Unlimited,Torrance Courthouse,,True
90509,Unlimited,Torrance Courthouse,,True
90510,Unlimited,Torrance Courthouse,,True
90601,Unlimited,Norwalk Courthouse,,True
90601,Unlimited,Pomona Courthouse South,,True
90602,Unlimited,Norwalk Courthouse,,True
90603,Unlimited,Norwalk Courthouse,,True
90604,Unlimited,Norwalk Courthouse,,True
90605,Unlimited,Norwalk Courthouse,,True
90606,Unlimited,Norwalk Courthouse,,True
90607,Unlimited,Norwalk Courthouse,,True
90608,Unlimited,Norwalk Courthouse,,True
90609,Unlimited,Norwalk Courthouse,,True
90610,Unlimited,Norwalk Courthouse,,True
90612,Unlimited,Norwalk Courthouse,,True
90631,Unlimited,Norwalk Courthouse,,True
90637,Unlimited,Norwalk Courthouse,,True
90638,Unlimited,Norwalk Courthouse,,True
90639,Unlimited,Norwalk Courthouse,,True
90640,Unlimited,Stanley Mosk Courthouse,,True
90650,Unlimited,Norwalk Courthouse,,True
90651,Unlimited,Norwalk Courthouse,,True
90652,Unlimited,Norwalk Courthouse,,True
90660,Unlimited,Norwalk Courthouse,,True
90661,Unlimited,Norwalk Courthouse,,True
90662,Unlimited,Norwalk Courthouse,,True
90670,Unlimited,Norwalk Courthouse,,True
90671,Unlimited,Norwalk Courthouse,,True
90701,Unlimited,Norwalk Courthouse,,True
90702,Unlimited,Norwalk Courthouse,,True
90703,Unlimited,Norwalk Courthouse,,True
90704,Unlimited,Governor George Deukmejian Courthouse,,True
90706,Unlimited,Norwalk Courthouse,,True
90707,Unlimited,Norwalk Courthouse,,True
90710,Unlimited,Governor George Deukmejian Courthouse,,True
90711,Unlimited,Norwalk Courthouse,,True
90712,Unlimited,Norwalk Courthouse,,True
90713,Unlimited,Norwalk Courthouse,,True
90714,Unlimited,Norwalk Courthouse,,True
90715,Unlimited,Norwalk Courthouse,,True
90716,Unlimited,Norwalk Courthouse,,True
90717,Unlimited,Governor George Deukmejian Courthouse,,True
90717,Unlimited,Torrance Courthouse,,True
90723,Unlimited,Compton Courthouse,,True
90731,Unlimited,Governor George Deukmejian Courthouse,,True
90732,Unlimited,Governor George Deukmejian Courthouse,,True
90733,Unlimited,Governor George Deukmejian Courthouse,,True
90734,Unlimited,Governor George Deukmejian Courthouse,,True
90744,Unlimited,Governor George Deukmejian Courthouse,,True
90745,Unlimited,Compton Courthouse,,True
90746,Unlimited,Compton Courthouse,,True
90747,Unlimited,Compton Courthouse,,True
90748,Unlimited,Governor George Deukmejian Courthouse,,True
90749,Unlimited,Compton Courthouse,,True
90755,Unlimited,Governor George Deukmejian Courthouse,,True
90801,Unlimited,Governor George Deukmejian Courthouse,,True
90802,Unlimited,Governor George Deukmejian Courthouse,,True
90803,Unlimited,Governor George Deukmejian Courthouse,,True
90804,Unlimited,Governor George Deukmejian Courthouse,,True
90805,Unlimited,Governor George Deukmejian Courthouse,,True
90805,Unlimited,Norwalk Courthouse,,True
90806,Unlimited,Governor George Deukmejian Courthouse,,True
90807,Unlimited,Governor George Deukmejian Courthouse,,True
90808,Unlimited,Governor George Deukmejian Courthouse,,True
90809,Unlimited,Governor George Deukmejian Courthouse,,True
90810,Unlimited,Compton Courthouse,,True
90810,Unlimited,Governor George Deukmejian Courthouse,,True
90813,Unlimited,Governor George Deukmejian Courthouse,,True
90814,Unlimited,Governor George Deukmejian Courthouse,,True
90815,Unlimited,Governor George Deukmejian Courthouse,,True
90822,Unlimited,Governor George Deukmejian Courthouse,,True
90831,Unlimited,Governor George Deukmejian Courthouse,,True
90832,Unlimited,Governor George Deukmejian Courthouse,,True
90833,Unlimited,Governor George Deukmejian Courthouse,,True
90834,Unlimited,Governor George Deukmejian Courthouse,,True
90835,Unlimited,Governor George Deukmejian Courthouse,,True
90840,Unlimited,Governor George Deukmejian Courthouse,,True
90842,Unlimited,Governor George Deukmejian Courthouse,,True
90844,Unlimited,Governor George Deukmejian Courthouse,,True
90846,Unlimited,Governor George Deukmejian Courthouse,,True
90847,Unlimited,Governor George Deukmejian Courthouse,,True
90848,Unlimited,Governor George Deukmejian Courthouse,,True
90853,Unlimited,Governor George Deukmejian Courthouse,,True
90899,Unlimited,Governor George Deukmejian Courthouse,,True
91001,Unlimited,Pasadena Courthouse,,True
91003,Unlimited,Pasadena Courthouse,,True
91006,Unlimited,Pasadena Courthouse,,True
91007,Unlimited,Pasadena Courthouse,,True
91008,Unlimited,Pasadena Courthouse,,True
91009,Unlimited,Pasadena Courthouse,,True
91010,Unlimited,Pasadena Courthouse,,True
91011,Unlimited,Pasadena Courthouse,,True
91012,Unlimited,Pasadena Courthouse,,True
91016,Unlimited,Pasadena Courthouse,,True
91017,Unlimited,Pasadena Courthouse,,True
91020,Unlimited,Pasadena Courthouse,,True
91021,Unlimited,Pasadena Courthouse,,True
91023,Unlimited,Pasadena Courthouse,,True
91024,Unlimited,Pasadena Courthouse,,True
91025,Unlimited,Pasadena Courthouse,,True
91030,Unlimited,Pasadena Courthouse,,True
91031,Unlimited,Pasadena Courthouse,,True
91040,Unlimited,Chatsworth Courthouse,,True
91040,Unlimited,Pasadena Courthouse,,True
91041,Unlimited,Pasadena Courthouse,,True
91042,Unlimited,Pasadena Courthouse,,True
91043,Unlimited,Pasadena Courthouse,,True
91046,Unlimited,Pasadena Courthouse,,True
91066,Unlimited,Pasadena Courthouse,,True
91077,Unlimited,Pasadena Courthouse,,True
91101,Unlimited,Pasadena Courthouse,,True
91103,Unlimited,Pasadena Courthouse,,True
91102,Unlimited,Pasadena Courthouse,,True
91104,Unlimited,Pasadena Courthouse,,True
91105,Unlimited,Pasadena Courthouse,,True
91106,Unlimited,Pasadena Courthouse,,True
91107,Unlimited,Pasadena Courthouse,,True
91108,Unlimited,Pasadena Courthouse,,True
91109,Unlimited,Pasadena Courthouse,,True
91110,Unlimited,Pasadena Courthouse,,True
91114,Unlimited,Pasadena Courthouse,,True
91115,Unlimited,Pasadena Courthouse,,True
91116,Unlimited,Pasadena Courthouse,,True
91117,Unlimited,Pasadena Courthouse,,True
91118,Unlimited,Pasadena Courthouse,,True
91121,Unlimited,Pasadena Courthouse,,True
91123,Unlimited,Pasadena Courthouse,,True
91124,Unlimited,Pasadena Courthouse,,True
91125,Unlimited,Pasadena Courthouse,,True
91126,Unlimited,Pasadena Courthouse,,True
91129,Unlimited,Pasadena Courthouse,,True
91182,Unlimited,Pasadena Courthouse,,True
91184,Unlimited,Pasadena Courthouse,,True
91185,Unlimited,Pasadena Courthouse,,True
91188,Unlimited,Pasadena Courthouse,,True
91189,Unlimited,Pasadena Courthouse,,True
91201,Unlimited,Pasadena Courthouse,,True
91202,Unlimited,Pasadena Courthouse,,True
91203,Unlimited,Pasadena Courthouse,,True
91204,Unlimited,Pasadena Courthouse,,True
91205,Unlimited,Pasadena Courthouse,,True
91206,Unlimited,Pasadena Courthouse,,True
91207,Unlimited,Pasadena Courthouse,,True
91208,Unlimited,Pasadena Courthouse,,True
91209,Unlimited,Pasadena Courthouse,,True
91210,Unlimited,Pasadena Courthouse,,True
91214,Unlimited,Pasadena Courthouse,,True
91221,Unlimited,Pasadena Courthouse,,True
91222,Unlimited,Pasadena Courthouse,,True
91224,Unlimited,Pasadena Courthouse,,True
91225,Unlimited,Pasadena Courthouse,,True
91226,Unlimited,Pasadena Courthouse,,True
91301,Unlimited,Santa Monica Courthouse,,True
91301,Unlimited,Van Nuys Courthouse East,,True
91303,Unlimited,Van Nuys Courthouse East,,True
91305,Unlimited,Van Nuys Courthouse East,,True
91307,Unlimited,Van Nuys Courthouse East,,True
91308,Unlimited,Van Nuys Courthouse East,,True
91309,Unlimited,Van Nuys Courthouse East,,True
91310,Unlimited,Chatsworth Courthouse,,True
91311,Unlimited,Chatsworth Courthouse,,True
91313,Unlimited,Chatsworth Courthouse,,True
91316,Unlimited,Chatsworth Courthouse,,True
91316,Unlimited,Van Nuys Courthouse East,,True
91321,Unlimited,Chatsworth Courthouse,,True
91322,Unlimited,Chatsworth Courthouse,,True
91324,Unlimited,Chatsworth Courthouse,,True
91326,Unlimited,Chatsworth Courthouse,,True
91327,Unlimited,Chatsworth Courthouse,,True
91328,Unlimited,Chatsworth Courthouse,,True
91329,Unlimited,Chatsworth Courthouse,,True
91330,Unlimited,Chatsworth Courthouse,,True
91331,Unlimited,Chatsworth Courthouse,,True
91333,Unlimited,Chatsworth Courthouse,,True
91334,Unlimited,Chatsworth Courthouse,,True
91335,Unlimited,Van Nuys Courthouse East,,True
91337,Unlimited,Van Nuys Courthouse East,,True
91340,Unlimited,Chatsworth Courthouse,,True
91341,Unlimited,Chatsworth Courthouse,,True
91344,Unlimited,Chatsworth Courthouse,,True
91345,Unlimited,Chatsworth Courthouse,,True
91346,Unlimited,Chatsworth Courthouse,,True
91350,Unlimited,Chatsworth Courthouse,,True
91350,Unlimited,Michael Antonovich Antelope Valley Courthouse,,True
91351,Unlimited,Chatsworth Courthouse,,True
91352,Unlimited,Chatsworth Courthouse,,True
91352,Unlimited,Pasadena Courthouse,,True
91353,Unlimited,Pasadena Courthouse,,True
91354,Unlimited,Chatsworth Courthouse,,True
91355,Unlimited,Chatsworth Courthouse,,True
91356,Unlimited,Van Nuys Courthouse East,,True
91357,Unlimited,Van Nuys Courthouse East,,True
91361,Unlimited,Van Nuys Courthouse East,,True
91362,Unlimited,Van Nuys Courthouse East,,True
91364,Unlimited,Van Nuys Courthouse East,,True
91365,Unlimited,Van Nuys Courthouse East,,True
91367,Unlimited,Van Nuys Courthouse East,,True
91371,Unlimited,Van Nuys Courthouse East,,True
91372,Unlimited,Van Nuys Courthouse East,,True
91376,Unlimited,Van Nuys Courthouse East,,True
91380,Unlimited,Chatsworth Courthouse,,True
91381,Unlimited,Chatsworth Courthouse,,True
91382,Unlimited,Chatsworth Courthouse,,True
91383,Unlimited,Chatsworth Courthouse,,True
91384,Unlimited,Chatsworth Courthouse,,True
91385,Unlimited,Chatsworth Courthouse,,True
91386,Unlimited,Chatsworth Courthouse,,True
91387,Unlimited,Chatsworth Courthouse,,True
91390,Unlimited,Chatsworth Courthouse,,True
91392,Unlimited,Chatsworth Courthouse,,True
91393,Unlimited,Van Nuys Courthouse East,,True
91394,Unlimited,Chatsworth Courthouse,,True
91395,Unlimited,Chatsworth Courthouse,,True
91396,Unlimited,Van Nuys Courthouse East,,True
91399,Unlimited,Van Nuys Courthouse East,,True
91401,Unlimited,Van Nuys Courthouse East,,True
91402,Unlimited,Van Nuys Courthouse East,,True
91403,Unlimited,Van Nuys Courthouse East,,True
91404,Unlimited,Van Nuys Courthouse East,,True
91405,Unlimited,Van Nuys Courthouse East,,True
91406,Unlimited,Van Nuys Courthouse East,,True
91407,Unlimited,Van Nuys Courthouse East,,True
91408,Unlimited,Van Nuys Courthouse East,,True
91409,Unlimited,Van Nuys Courthouse East,,True
91410,Unlimited,Van Nuys Courthouse East,,True
91411,Unlimited,Van Nuys Courthouse East,,True
91412,Unlimited,Van Nuys Courthouse East,,True
91413,Unlimited,Van Nuys Courthouse East,,True
91416,Unlimited,Van Nuys Courthouse East,,True
91426,Unlimited,Van Nuys Courthouse East,,True
91436,Unlimited,Van Nuys Courthouse East,,True
91470,Unlimited,Van Nuys Courthouse East,,True
91482,Unlimited,Van Nuys Courthouse East,,True
91495,Unlimited,Van Nuys Courthouse East,,True
91496,Unlimited,Van Nuys Courthouse East,,True
91499,Unlimited,Van Nuys Courthouse East,,True
91501,Unlimited,Pasadena Courthouse,,True
91502,Unlimited,Pasadena Courthouse,,True
91503,Unlimited,Pasadena Courthouse,,True
91504,Unlimited,Pasadena Courthouse,,True
91505,Unlimited,Pasadena Courthouse,,True
91506,Unlimited,Pasadena Courthouse,,True
91507,Unlimited,Pasadena Courthouse,,True
91508,Unlimited,Pasadena Courthouse,,True
91510,Unlimited,Pasadena Courthouse,,True
91521,Unlimited,Pasadena Courthouse,,True
91522,Unlimited,Pasadena Courthouse,,True
91523,Unlimited,Pasadena Courthouse,,True
91526,Unlimited,Pasadena Courthouse,,True
91601,Unlimited,Pasadena Courthouse,,True
91602,Unlimited,Pasadena Courthouse,,True
91603,Unlimited,Pasadena Courthouse,,True
91604,Unlimited,Pasadena Courthouse,,True
91605,Unlimited,Pasadena Courthouse,,True
91606,Unlimited,Pasadena Courthouse,,True
91607,Unlimited,Pasadena Courthouse,,True
91608,Unlimited,Pasadena Courthouse,,True
91609,Unlimited,Pasadena Courthouse,,True
91610,Unlimited,Pasadena Courthouse,,True
91611,Unlimited,Pasadena Courthouse,,True
91612,Unlimited,Pasadena Courthouse,,True
91614,Unlimited,Pasadena Courthouse,,True
91615,Unlimited,Pasadena Courthouse,,True
91616,Unlimited,Pasadena Courthouse,,True
91617,Unlimited,Pasadena Courthouse,,True
91618,Unlimited,Pasadena Courthouse,,True
91702,Unlimited,Pomona Courthouse South,,True
91706,Unlimited,Pomona Courthouse South,,True
91711,Unlimited,Pomona Courthouse South,,True
91714,Unlimited,Pomona Courthouse South,,True
91715,Unlimited,Pomona Courthouse South,,True
91716,Unlimited,Pomona Courthouse South,,True
91722,Unlimited,Pomona Courthouse South,,True
91723,Unlimited,Pomona Courthouse South,,True
91724,Unlimited,Pomona Courthouse South,,True
91731,Unlimited,Pomona Courthouse South,,True
91732,Unlimited,Pomona Courthouse South,,True
91733,Unlimited,Pasadena Courthouse,,True
91733,Unlimited,Pomona Courthouse South,,True
91734,Unlimited,Pomona Courthouse South,,True
91735,Unlimited,Pomona Courthouse South,,True
91740,Unlimited,Pomona Courthouse South,,True
91741,Unlimited,Pomona Courthouse South,,True
91744,Unlimited,Pomona Courthouse South,,True
91745,Unlimited,Norwalk Courthouse,,True
91745,Unlimited,Pomona Courthouse South,,True
91746,Unlimited,Pomona Courthouse South,,True
91747,Unlimited,Pomona Courthouse South,,True
91748,Unlimited,Pomona Courthouse South,,True
91749,Unlimited,Pomona Courthouse South,,True
91750,Unlimited,Pomona Courthouse South,,True
91754,Unlimited,Pasadena Courthouse,,True
91755,Unlimited,Pasadena Courthouse,,True
91756,Unlimited,Pasadena Courthouse,,True
91759,Unlimited,Pomona Courthouse South,,True
91765,Unlimited,Pomona Courthouse South,,True
91766,Unlimited,Pomona Courthouse South,,True
91767,Unlimited,Pomona Courthouse South,,True
91768,Unlimited,Pomona Courthouse South,,True
91769,Unlimited,Pomona Courthouse South,,True
91771,Unlimited,Pasadena Courthouse,,True
91772,Unlimited,Pasadena Courthouse,,True
91773,Unlimited,Pomona Courthouse South,,True
91775,Unlimited,Pasadena Courthouse,,True
91776,Unlimited,Pasadena Courthouse,,True
91780,Unlimited,Pasadena Courthouse,,True
91788,Unlimited,Pomona Courthouse South,,True
91789,Unlimited,Pomona Courthouse South,,True
91790,Unlimited,Pomona Courthouse South,,True
91791,Unlimited,Pomona Courthouse South,,True
91792,Unlimited,Pomona Courthouse South,,True
91793,Unlimited,Pomona Courthouse South,,True
91801,Unlimited,Pasadena Courthouse,,True
91802,Unlimited,Pasadena Courthouse,,True
91803,Unlimited,Pasadena Courthouse,,True
91804,Unlimited,Pasadena Courthouse,,True
91896,Unlimited,Pasadena Courthouse,,True
91899,Unlimited,Pasadena Courthouse,,True
92397,Unlimited,Michael Antonovich Antelope Valley Courthouse,,True
92823,Unlimited,Pomona Courthouse South,,True
93243,Unlimited,Chatsworth Courthouse,,True
93523,Unlimited,Michael Antonovich Antelope Valley Courthouse,,True
93532,Unlimited,Chatsworth Courthouse,,True
93532,Unlimited,Michael Antonovich Antelope Valley Courthouse,,True
93534,Unlimited,Michael Antonovich Antelope Valley Courthouse,,True
93535,Unlimited,Michael Antonovich Antelope Valley Courthouse,,True
93536,Unlimited,Michael Antonovich Antelope Valley Courthouse,,True
93539,Unlimited,Michael Antonovich Antelope Valley Courthouse,,True
93543,Unlimited,Michael Antonovich Antelope Valley Courthouse,,True
93544,Unlimited,Michael Antonovich Antelope Valley Courthouse,,True
93550,Unlimited,Michael Antonovich Antelope Valley Courthouse,,True
93551,Unlimited,Michael Antonovich Antelope Valley Courthouse,,True
93552,Unlimited,Michael Antonovich Antelope Valley Courthouse,,True
93553,Unlimited,Michael Antonovich Antelope Valley Courthouse,,True
93563,Unlimited,Michael Antonovich Antelope Valley Courthouse,,True
93584,Unlimited,Michael Antonovich Antelope Valley Courthouse,,True
93586,Unlimited,Michael Antonovich Antelope Valley Courthouse,,True
93590,Unlimited,Michael Antonovich Antelope Valley Courthouse,,True
93591,Unlimited,Michael Antonovich Antelope Valley Courthouse,,True
93599,Unlimited,Michael Antonovich Antelope Valley Courthouse,,True
90045,Unlimited,Stanley Mosk Courthouse,,False
90080,Unlimited,Inglewood Courthouse,,False
90081,Unlimited,Inglewood Courthouse,,False
90083,Unlimited,Inglewood Courthouse,,False
90245,Unlimited,Inglewood Courthouse,,False
90247,Unlimited,Inglewood Courthouse,,False
90249,Unlimited,Inglewood Courthouse,,False
90250,Unlimited,Inglewood Courthouse,,False
90251,Unlimited,Inglewood Courthouse,,False
90254,Unlimited,Inglewood Courthouse,,False
90260,Unlimited,Inglewood Courthouse,,False
90261,Unlimited,Inglewood Courthouse,,False
90266,Unlimited,Inglewood Courthouse,,False
90267,Unlimited,Inglewood Courthouse,,False
90274,Unlimited,Inglewood Courthouse,,False
90275,Unlimited,Inglewood Courthouse,,False
90277,Unlimited,Inglewood Courthouse,,False
90278,Unlimited,Inglewood Courthouse,,False
90296,Unlimited,Inglewood Courthouse,,False
90301,Unlimited,Inglewood Courthouse,,False
90302,Unlimited,Inglewood Courthouse,,False
90303,Unlimited,Inglewood Courthouse,,False
90304,Unlimited,Inglewood Courthouse,,False
90305,Unlimited,Inglewood Courthouse,,False
90306,Unlimited,Inglewood Courthouse,,False
90307,Unlimited,Inglewood Courthouse,,False
90308,Unlimited,Inglewood Courthouse,,False
90309,Unlimited,Inglewood Courthouse,,False
90311,Unlimited,Inglewood Courthouse,,False
90312,Unlimited,Inglewood Courthouse,,False
90503,Unlimited,Inglewood Courthouse,,False
90504,Unlimited,Inglewood Courthouse,,False
90505,Unlimited,Inglewood Courthouse,,False
90506,Unlimited,Inglewood Courthouse,,False
90507,Unlimited,Inglewood Courthouse,,False
90508,Unlimited,Inglewood Courthouse,,False
90509,Unlimited,Inglewood Courthouse,,False
90510,Unlimited,Inglewood Courthouse,,False
90717,Unlimited,Inglewood Courthouse,,False
91001,Unlimited,Burbank Courthouse,,False
91003,Unlimited,Burbank Courthouse,,False
91006,Unlimited,Burbank Courthouse,,False
91007,Unlimited,Burbank Courthouse,,False
91008,Unlimited,Burbank Courthouse,,False
91009,Unlimited,Burbank Courthouse,,False
91010,Unlimited,Burbank Courthouse,,False
91011,Unlimited,Burbank Courthouse,,False
91012,Unlimited,Burbank Courthouse,,False
91016,Unlimited,Burbank Courthouse,,False
91017,Unlimited,Burbank Courthouse,,False
91020,Unlimited,Burbank Courthouse,,False
91021,Unlimited,Burbank Courthouse,,False
91023,Unlimited,Burbank Courthouse,,False
91024,Unlimited,Burbank Courthouse,,False
91025,Unlimited,Burbank Courthouse,,False
91030,Unlimited,Burbank Courthouse,,False
91031,Unlimited,Burbank Courthouse,,False
91040,Unlimited,Burbank Courthouse,,False
91041,Unlimited,Burbank Courthouse,,False
91042,Unlimited,Burbank Courthouse,,False
91043,Unlimited,Burbank Courthouse,,False
91046,Unlimited,Burbank Courthouse,,False
91066,Unlimited,Burbank Courthouse,,False
91077,Unlimited,Burbank Courthouse,,False
91101,Unlimited,Burbank Courthouse,,False
91103,Unlimited,Burbank Courthouse,,False
91102,Unlimited,Burbank Courthouse,,False
91104,Unlimited,Burbank Courthouse,,False
91105,Unlimited,Burbank Courthouse,,False
91106,Unlimited,Burbank Courthouse,,False
91107,Unlimited,Burbank Courthouse,,False
91108,Unlimited,Burbank Courthouse,,False
91109,Unlimited,Burbank Courthouse,,False
91110,Unlimited,Burbank Courthouse,,False
91114,Unlimited,Burbank Courthouse,,False
91115,Unlimited,Burbank Courthouse,,False
91116,Unlimited,Burbank Courthouse,,False
91117,Unlimited,Burbank Courthouse,,False
91118,Unlimited,Burbank Courthouse,,False
91121,Unlimited,Burbank Courthouse,,False
91123,Unlimited,Burbank Courthouse,,False
91124,Unlimited,Burbank Courthouse,,False
91125,Unlimited,Burbank Courthouse,,False
91126,Unlimited,Burbank Courthouse,,False
91129,Unlimited,Burbank Courthouse,,False
91182,Unlimited,Burbank Courthouse,,False
91184,Unlimited,Burbank Courthouse,,False
91185,Unlimited,Burbank Courthouse,,False
91188,Unlimited,Burbank Courthouse,,False
91189,Unlimited,Burbank Courthouse,,False
91201,Unlimited,Burbank Courthouse,,False
91202,Unlimited,Burbank Courthouse,,False
91203,Unlimited,Burbank Courthouse,,False
91204,Unlimited,Burbank Courthouse,,False
91205,Unlimited,Burbank Courthouse,,False
91206,Unlimited,Burbank Courthouse,,False
91207,Unlimited,Burbank Courthouse,,False
91208,Unlimited,Burbank Courthouse,,False
91209,Unlimited,Burbank Courthouse,,False
91210,Unlimited,Burbank Courthouse,,False
91214,Unlimited,Burbank Courthouse,,False
91221,Unlimited,Burbank Courthouse,,False
91222,Unlimited,Burbank Courthouse,,False
91224,Unlimited,Burbank Courthouse,,False
91225,Unlimited,Burbank Courthouse,,False
91226,Unlimited,Burbank Courthouse,,False
91353,Unlimited,Burbank Courthouse,,False
91501,Unlimited,Burbank Courthouse,,False
91502,Unlimited,Burbank Courthouse,,False
91503,Unlimited,Burbank Courthouse,,False
91504,Unlimited,Burbank Courthouse,,False
91505,Unlimited,Burbank Courthouse,,False
91506,Unlimited,Burbank Courthouse,,False
91507,Unlimited,Burbank Courthouse,,False
91508,Unlimited,Burbank Courthouse,,False
91510,Unlimited,Burbank Courthouse,,False
91521,Unlimited,Burbank Courthouse,,False
91522,Unlimited,Burbank Courthouse,,False
91523,Unlimited,Burbank Courthouse,,False
91526,Unlimited,Burbank Courthouse,,False
91601,Unlimited,Burbank Courthouse,,False
91602,Unlimited,Burbank Courthouse,,False
91603,Unlimited,Burbank Courthouse,,False
91604,Unlimited,Burbank Courthouse,,False
91605,Unlimited,Burbank Courthouse,,False
91606,Unlimited,Burbank Courthouse,,False
91607,Unlimited,Burbank Courthouse,,False
91608,Unlimited,Burbank Courthouse,,False
91609,Unlimited,Burbank Courthouse,,False
91610,Unlimited,Burbank Courthouse,,False
91611,Unlimited,Burbank Courthouse,,False
91612,Unlimited,Burbank Courthouse,,False
91614,Unlimited,Burbank Courthouse,,False
91615,Unlimited,Burbank Courthouse,,False
91616,Unlimited,Burbank Courthouse,,False
91617,Unlimited,Burbank Courthouse,,False
91618,Unlimited,Burbank Courthouse,,False
91754,Unlimited,Burbank Courthouse,,False
91755,Unlimited,Burbank Courthouse,,False
91756,Unlimited,Burbank Courthouse,,False
91771,Unlimited,Burbank Courthouse,,False
91772,Unlimited,Burbank Courthouse,,False
91775,Unlimited,Burbank Courthouse,,False
91776,Unlimited,Burbank Courthouse,,False
91780,Unlimited,Burbank Courthouse,,False
91801,Unlimited,Burbank Courthouse,,False
91802,Unlimited,Burbank Courthouse,,False
91803,Unlimited,Burbank Courthouse,,False
91804,Unlimited,Burbank Courthouse,,False
91896,Unlimited,Burbank Courthouse,,False
91899,Unlimited,Burbank Courthouse,,False
90003,Unlimited,Norwalk Courthouse,LOS ANGELES (North of Manchester),True
90003,Unlimited,Compton Courthouse,LOS ANGELES (South of Manchester),True
90034,Unlimited,Stanley Mosk Courthouse,LOS ANGELES (East of La Cienega),True
90034,Unlimited,Santa Monica Courthouse,LOS ANGELES (West of La Cienega),True
90034,Unlimited,Santa Monica Courthouse,PALMS,True
90035,Unlimited,Stanley Mosk Courthouse,LOS ANGELES (East of La Cienega),True
90035,Unlimited,Santa Monica Courthouse,LOS ANGELES (West of La Cienega),True
90044,Unlimited,Torrance Courthouse,ATHENS(and adjacent unincorporated area),True
90044,Unlimited,Stanley Mosk Courthouse,LOS ANGELES (North of Manchester),True
90044,Unlimited,Compton Courthouse,LOS ANGELES (South of Manchester),True
90056,Unlimited,Santa Monica Courthouse,BALDWIN HILLS,True
90056,Unlimited,Inglewood Courthouse,LADERA HEIGHTS,True
90056,Unlimited,Stanley Mosk Courthouse,LOS ANGELES (East of La Tijera),True
90056,Unlimited,Santa Monica Courthouse,LOS ANGELES (west of La Tijera),True
90056,Unlimited,Santa Monica Courthouse,WINDSOR HILLS,True
90061,Unlimited,Compton Courthouse,LOS ANGELES,True
90061,Unlimited,Compton Courthouse,UNINCORPORATED AREA WEST OF COMPTON,True
90063,Unlimited,Stanley Mosk Courthouse,BOYLE HEIGHTS,True
90063,Unlimited,Stanley Mosk Courthouse,CITY TERRACE,True
90063,Unlimited,Stanley Mosk Courthouse,EAST LOS ANGELES,True
90063,Unlimited,Stanley Mosk Courthouse,LOS ANGELES,True
90063,Unlimited,Burbank Courthouse,MONTEREY PARK,True
90221,Unlimited,Compton Courthouse,COMPTON,True
90221,Unlimited,Compton Courthouse,EAST RANCHO DOMINGUEZ,True
90221,Unlimited,Compton Courthouse,RANCHO DOMINGUEZ,True
90221,Unlimited,Compton Courthouse,UNINCORPORATED AREA EAST OF COMPTON,True
90502,Unlimited,Governor George Deukmejian Courthouse,LOS ANGELES,True
90502,Unlimited,Compton Courthouse,UNINCORPORATED AREA WEST OF CARSON,True
90502,Unlimited,Compton Courthouse,UNINCORPORATED LA COUNTY AREA,True
91302,Unlimited,Van Nuys Courthouse East,BRENTS JUNCTION,True
91302,Unlimited,Van Nuys Courthouse East,CALABASAS (North of MULHOLLAND HIGHWAY),True
91302,Unlimited,Van Nuys Courthouse East,CALABASAS PARK,True
91302,Unlimited,Van Nuys Courthouse East,HIDDEN HILLS,True
91302,Unlimited,Van Nuys Courthouse East,LOS ANGELES,True
91302,Unlimited,Santa Monica Courthouse,CALABASAS (South of MULHOLLAND HIGHWAY),True
91304,Unlimited,Chatsworth Courthouse,CANOGA PARK (North of Roscoe),True
91304,Unlimited,Van Nuys Courthouse East,CANOGA PARK (South of Roscoe),True
91304,Unlimited,Chatsworth Courthouse,LAKESIDE PARK,True
91304,Unlimited,Chatsworth Courthouse,LOS ANGELES (North of Roscoe),True
91304,Unlimited,Van Nuys Courthouse East,LOS ANGELES (South of Roscoe),True
91304,Unlimited,Chatsworth Courthouse,WEST HILLS (North of Roscoe),True
91304,Unlimited,Van Nuys Courthouse East,WEST HILLS (South of Roscoe),True
91306,Unlimited,Chatsworth Courthouse,LOS ANGELES (North of Roscoe),True
91306,Unlimited,Van Nuys Courthouse East,LOS ANGELES (South of Roscoe),True
91306,Unlimited,Van Nuys Courthouse East,WINNETKA,True
91325,Unlimited,Chatsworth Courthouse,LOS ANGELES (North of Roscoe),True
91325,Unlimited,Van Nuys Courthouse East,LOS ANGELES (South of Roscoe),True
91325,Unlimited,Chatsworth Courthouse,NORTHRIDGE (North of Roscoe),True
91325,Unlimited,Van Nuys Courthouse East,NORTHRIDGE (South of Roscoe),True
91342,Unlimited,Burbank Courthouse,ANGELES NATIONAL FOREST,True
91342,Unlimited,Burbank Courthouse,KAGEL CANYON,True
91342,Unlimited,Burbank Courthouse,LAKE VIEW TERRACE (East of Osborne),True
91342,Unlimited,Chatsworth Courthouse,LAKE VIEW TERRACE (West of Osborne),True
91342,Unlimited,Chatsworth Courthouse,OLIVE VIEW,True
91342,Unlimited,Chatsworth Courthouse,SAN FERNANDO,True
91342,Unlimited,Chatsworth Courthouse,SYLMAR,True
91342,Unlimited,Chatsworth Courthouse,SYLMAR SQUARE,True
91343,Unlimited,Chatsworth Courthouse,LOS ANGELES (North of Lassen),True
91343,Unlimited,Van Nuys Courthouse East,LOS ANGELES (South of Lassen),True
91343,Unlimited,Chatsworth Courthouse,NORTH HILLS (North of Lassen),True
91343,Unlimited,Van Nuys Courthouse East,NORTH HILLS (South of Lassen),True
91343,Unlimited,Chatsworth Courthouse,NORTHRIDGE,True
91423,Unlimited,Burbank Courthouse,LOS ANGELES(East of Fulton and Dixie Canyon Aves.),True
91423,Unlimited,Burbank Courthouse,SHERMAN OAKS(East of Fulton and Dixie Cnyn Aves.),True
91423,Unlimited,Van Nuys Courthouse East,LOS ANGELES(West of Fulton and Dixie Canyon Aves.),True
91423,Unlimited,Van Nuys Courthouse East,SHERMAN OAKS(West of Fulton and Dixie Cnyn Aves.),True
91770,Unlimited,Burbank Courthouse,EL MONTE,True
91770,Unlimited,Burbank Courthouse,ROSEMEAD,True
91770,Unlimited,Burbank Courthouse,SOUTH SAN GABRIEL,True
93510,Unlimited,Michael Antonovich Antelope Valley Courthouse,ACTON (North of 9th St. / TRAIL's END Rd.),True
93510,Unlimited,Chatsworth Courthouse,ACTON (South of 9th St. / TRAIL's END Rd.),True
93510,Unlimited,Michael Antonovich Antelope Valley Courthouse,BIG MOUNTAIN RIDGE,True
93510,Unlimited,Chatsworth Courthouse,RAVENNA,True
